year,state,port,qty,amount
2010-11,Maharashtra,NHAVA SHEVA SEA,481667681,1268531820
2010-11,Uttar Pradesh,CFS ALBATROSS/ICD DADRI,13785745,35800557.42
2010-11,Uttar Pradesh,ICD NOIDA-DADRI,150144025,365230394.2
2010-11,UTTAR PRADESH,ICD Juhi Railway Yard Kanpur ICD,0,0
2010-11,Uttar Pradesh,"ICD PANKI, UP",0,0
2010-11,HARYANA,ICD Piyala Ballagarh ICD,0,0
2010-11,Haryana,"ICD PALWAL, BHAGOLA-JANAULI Haryana",0,0
2010-11,Tamil Nadu,CHENNAI SEA,2600346,6320266.78
2010-11,Haryana,ICD PATLI,0,0
2010-11,Andhra Pradesh,VISAKHAPATNAM SEA,0,0
2010-11,Delhi,DELHI AIRPORT,8600,32714.28
2010-11,HARYANA,ICD SONIPAT ICD,0,0
2010-11,Uttar Pradesh,ICD CGML DADRI,6792398,17911544.76
2010-11,West Bengal,DABGRAM ICD,0,0
2010-11,Tamil Nadu,KATTUPALLI PORT/ TIRUVALLUR SEA,0,0
2010-11,Uttar Pradesh,ICD CFS STARTRACK DADRI,9888226,25327461.52
2010-11,West Bengal,JAIGAON ICD,0,0
2010-11,West Bengal,KOLKATA SEA,2500,6737.67
2010-11,Uttar Pradesh,LUCKNOW AIR Uttar Pradesh,0,0
2010-11,Rajasthan,MAHINDRA CITY TEXTILES SEZ TN,0,0
2010-11,Andhra Pradesh,KRISHNAPATNAM SEA,0,0
2010-11,Bihar,RAXAUL ICD,0,0
2010-11,Telangana,ICD HYDERABAD,391752,1020624.86
2010-11,Maharashtra,MUMBAI AIR,157072,414388.31
2010-11,Gujarat,MUNDRA SEA,0,0
2010-11,Uttar Pradesh,NAUTANWA (SONAULI) ICD,10000,16541.4
2010-11,Kerala,COCHIN SEA,76000,227107.46
2010-11,Tamil Nadu,CHENNAI AIR,0,0
2010-11,Gujarat,ICD SABARMATI,0,0
2010-11,Tamil Nadu,TUTICORIN SEA,0,0
2010-12,Telangana,HYDERABAD AIRPORT,18426,60911.87
2010-12,Tamil Nadu,ICD TONDIAR-PET CHENNAI,0,0
2010-12,Kerala,TRIVANDRUM AIRPORT,1287,1460.18
2010-12,Maharashtra,ICD JANORI,0,0
2010-12,Maharashtra,ICD WALUJ,0,0
2010-12,Punjab,"ATTARIROAD,AMRITSAR ROAD/ RAILWAY",267744,499526.04
2010-12,Punjab,CFS DAPPER(DERABASSI),0,0
2010-12,Punjab,ICD CHOWPAYAL Punjab,0,0
2010-12,Gujarat,PIPAVAB(VICYOR) SEA,105480,397532.47
2010-12,Haryana,ICD FARIDABAD,16823882,42726043.97
2010-12,Haryana,ICD GARHIHARSARU,37873577,108509383.4
2010-12,Bihar,BAIRGANIA Bihar,0,0
2010-12,Bihar,JOGBANI ROAD ICD,0,0
2010-12,Karnataka,NEWMANGALORE SEA,3930,11149.19
2010-12,Kerala,COCHIN AIRPORT,8453,29265.8
2010-12,Gujarat,"HAZIRA PORT, SURAT SEZ",0,0
2010-12,Uttar Pradesh,SONBARSA ROAD/ RAILWAY,0,0
2010-12,Uttarakhand,TANAKPUR (NAINATAL) ICD,0,0
2010-12,Uttar Pradesh,ICD TRIDENT DADRI,0,0
2010-12,Uttar Pradesh,ICD PAKWARA (MORADABAD),295356,1085384.91
2010-12,UTTAR PRADESH,ICD Pakwara Moradabad/Meerut ICD,0,0
2010-12,UNSPECIFIED,UNSPECIFIED,551614,1482156.43
2010-12,Uttar Pradesh,GOURIPHANTA ROAD/ RAILWAY,0,0
2010-12,Uttar Pradesh,ICD IBRAHIMPUR KHURJA Uttar Pradesh,0,0
2010-12,Uttar Pradesh,ICD KANPUR,3608315,9940058.93
2010-12,Uttar Pradesh,ICD LONI,1635544,4290617.75
2010-12,West Bengal,NEPALGANJ ROAD/ RAILWAY,100,151.6
2010-12,West Bengal,PETRAPOLE LAND ROAD/ RAILWAY,0,0
2005-06,Maharashtra,NHAVA SHEVA SEA,593093,781505.35
2005-06,Haryana,ICD GARHIHARSARU,0,0
2005-06,Haryana,ICD FARIDABAD,0,0
2005-06,Tamil Nadu,CHENNAI SEA,34282,43866.39
2005-06,Punjab,CFS DAPPER(DERABASSI),0,0
2005-06,Punjab,"ATTARIROAD,AMRITSAR ROAD/ RAILWAY",0,0
2005-06,Kerala,COCHIN SEA,0,0
2005-06,West Bengal,KOLKATA SEA,5000,16335.33
2005-06,Telangana,ICD HYDERABAD,0,0
2005-06,Andhra Pradesh,VISAKHAPATNAM SEA,0,0
2005-06,Maharashtra,MUMBAI AIR,3450,8786.13
2005-06,Delhi,DELHI (ICD),423000,1036082.45
2005-06,Telangana,HYDERABAD AIRPORT,0,0
2005-06,Delhi,DELHI AIRPORT,7292,23113.71
2005-06,Kerala,COCHIN AIRPORT,0,0
2005-06,Maharashtra,ICD CFS MULUND,0,0
2005-06,Bihar,RAXAUL ICD,0,0
2005-06,Kerala,TRIVANDRUM AIRPORT,0,0
2005-06,Tamil Nadu,CHENNAI AIR,50,59.09
2005-06,West Bengal,JOYNAGAR ROAD/ RAILWAY,0,0
2005-06,West Bengal,NEPALGANJ ROAD/ RAILWAY,2000,2710.64
2005-06,Karnataka,NEWMANGALORE SEA,0,0
2005-06,Uttar Pradesh,NAUTANWA (SONAULI) ICD,0,0
2005-06,Bihar,JOGBANI ROAD ICD,0,0
2005-06,Delhi,ICD CFS PATPARGANJ,0,0
2005-06,Gujarat,PIPAVAB(VICYOR) SEA,0,0
2005-06,Bihar,PANITANKI ROAD/ RAILWAY,0,0
2005-06,Manipur,MOREH ROAD/ RAILWAY,22072,17450.19
2005-06,Punjab,AMRITSAR RLY.STN.,0,0
2005-06,Uttar Pradesh,TIKUNIA ROAD/ RAILWAY,0,0
2005-06,UNSPECIFIED,UNSPECIFIED,459937626,593984575.4
2005-06,West Bengal,KOTWALIGATE (MOHEDIPUR) ROAD/ RAILWAY,0,0
2005-06,Tamil Nadu,CUDDALORE SEA,0,0
2005-06,Tamil Nadu,ICD SALEM,0,0
2005-06,Tamil Nadu,ICD TUTICORIN,0,0
2005-06,West Bengal,PETRAPOLE LAND ROAD/ RAILWAY,0,0
2005-06,West Bengal,SINGABAD RAILWAY STATION,0,0
2006-07,Maharashtra,NHAVA SHEVA SEA,228662,300856.32
2006-07,Haryana,ICD GARHIHARSARU,0,0
2006-07,Haryana,ICD FARIDABAD,0,0
2006-07,Tamil Nadu,CHENNAI SEA,1015,704.21
2006-07,Punjab,CFS DAPPER(DERABASSI),0,0
2006-07,Punjab,"ATTARIROAD,AMRITSAR ROAD/ RAILWAY",0,0
2006-07,Kerala,COCHIN SEA,0,0
2006-07,West Bengal,KOLKATA SEA,103855,89809.21
2006-07,Telangana,ICD HYDERABAD,0,0
2006-07,Andhra Pradesh,VISAKHAPATNAM SEA,0,0
2006-07,Maharashtra,MUMBAI AIR,2600,6987.33
2006-07,Delhi,DELHI (ICD),80000,104875.84
2006-07,Telangana,HYDERABAD AIRPORT,0,0
2006-07,Delhi,DELHI AIRPORT,0,0
2006-07,Kerala,COCHIN AIRPORT,400,4458.39
2006-07,Maharashtra,ICD CFS MULUND,0,0
2006-07,Bihar,RAXAUL ICD,0,0
2006-07,Kerala,TRIVANDRUM AIRPORT,0,0
2006-07,Tamil Nadu,CHENNAI AIR,0,0
2006-07,West Bengal,JOYNAGAR ROAD/ RAILWAY,0,0
2006-07,West Bengal,NEPALGANJ ROAD/ RAILWAY,0,0
2006-07,Karnataka,NEWMANGALORE SEA,0,0
2006-07,Uttar Pradesh,NAUTANWA (SONAULI) ICD,0,0
2006-07,Bihar,JOGBANI ROAD ICD,0,0
2006-07,Delhi,ICD CFS PATPARGANJ,0,0
2006-07,Gujarat,PIPAVAB(VICYOR) SEA,0,0
2006-07,Bihar,PANITANKI ROAD/ RAILWAY,0,0
2006-07,Manipur,MOREH ROAD/ RAILWAY,8400,6078.08
2006-07,Punjab,AMRITSAR RLY.STN.,0,0
2006-07,Uttar Pradesh,TIKUNIA ROAD/ RAILWAY,20,140.77
2006-07,UNSPECIFIED,UNSPECIFIED,494111476,712445128.8
2006-07,West Bengal,KOTWALIGATE (MOHEDIPUR) ROAD/ RAILWAY,0,0
2006-07,Tamil Nadu,CUDDALORE SEA,0,0
2006-07,Tamil Nadu,ICD SALEM,0,0
2006-07,Tamil Nadu,ICD TUTICORIN,0,0
2006-07,West Bengal,PETRAPOLE LAND ROAD/ RAILWAY,0,0
2006-07,West Bengal,SINGABAD RAILWAY STATION,0,0
2007-08,Maharashtra,NHAVA SHEVA SEA,474701976,860692776.4
2007-08,Haryana,ICD GARHIHARSARU,0,0
2007-08,Haryana,ICD FARIDABAD,0,0
2007-08,Tamil Nadu,CHENNAI SEA,683094,1346582.48
2007-08,Punjab,CFS DAPPER(DERABASSI),0,0
2007-08,Punjab,"ATTARIROAD,AMRITSAR ROAD/ RAILWAY",4903924,8220094.51
2007-08,Kerala,COCHIN SEA,1368763,3000067.94
2007-08,West Bengal,KOLKATA SEA,1351828,2598905.64
2007-08,Telangana,ICD HYDERABAD,0,0
2007-08,Andhra Pradesh,VISAKHAPATNAM SEA,80700,106063.77
2007-08,Maharashtra,MUMBAI AIR,966032,3240011.25
2007-08,Delhi,DELHI (ICD),354000,562239.2
2007-08,Telangana,HYDERABAD AIRPORT,9000,24058.08
2007-08,Delhi,DELHI AIRPORT,130,550.67
2007-08,Kerala,COCHIN AIRPORT,5211,15147.75
2007-08,Maharashtra,ICD CFS MULUND,0,0
2007-08,Bihar,RAXAUL ICD,0,0
2007-08,Kerala,TRIVANDRUM AIRPORT,1015,2375.51
2007-08,Tamil Nadu,CHENNAI AIR,1054,1664.38
2007-08,West Bengal,JOYNAGAR ROAD/ RAILWAY,0,0
2007-08,West Bengal,NEPALGANJ ROAD/ RAILWAY,1200,1612.7
2007-08,Karnataka,NEWMANGALORE SEA,0,0
2007-08,Uttar Pradesh,NAUTANWA (SONAULI) ICD,7100,13497.38
2007-08,Bihar,JOGBANI ROAD ICD,0,0
2007-08,Delhi,ICD CFS PATPARGANJ,11250,80246.19
2007-08,Gujarat,PIPAVAB(VICYOR) SEA,10000,14927.21
2007-08,Bihar,PANITANKI ROAD/ RAILWAY,4375,8727.76
2007-08,Manipur,MOREH ROAD/ RAILWAY,0,0
2007-08,Punjab,AMRITSAR RLY.STN.,22700,79743.18
2007-08,Uttar Pradesh,TIKUNIA ROAD/ RAILWAY,0,0
2007-08,UNSPECIFIED,UNSPECIFIED,0,0
2007-08,West Bengal,KOTWALIGATE (MOHEDIPUR) ROAD/ RAILWAY,0,0
2007-08,Tamil Nadu,CUDDALORE SEA,0,0
2007-08,Tamil Nadu,ICD SALEM,0,0
2007-08,Tamil Nadu,ICD TUTICORIN,1200,2163.45
2007-08,West Bengal,PETRAPOLE LAND ROAD/ RAILWAY,10000,19869.62
2007-08,West Bengal,SINGABAD RAILWAY STATION,0,0
2008-09,Maharashtra,NHAVA SHEVA SEA,443510649,1009694591
2008-09,Haryana,ICD GARHIHARSARU,429000,952980.52
2008-09,Haryana,ICD FARIDABAD,0,0
2008-09,Tamil Nadu,CHENNAI SEA,2407814,5418338.92
2008-09,Punjab,CFS DAPPER(DERABASSI),11140134,27753591.35
2008-09,Punjab,"ATTARIROAD,AMRITSAR ROAD/ RAILWAY",823008,1415547.18
2008-09,Kerala,COCHIN SEA,1217344,2692165.04
2008-09,West Bengal,KOLKATA SEA,3714167,5729562.99
2008-09,Telangana,ICD HYDERABAD,25383,24266.82
2008-09,Andhra Pradesh,VISAKHAPATNAM SEA,0,0
2008-09,Maharashtra,MUMBAI AIR,130464,280023.2
2008-09,Delhi,DELHI (ICD),22100,52186.67
2008-09,Telangana,HYDERABAD AIRPORT,61847,145769.71
2008-09,Delhi,DELHI AIRPORT,7212,21589.54
2008-09,Kerala,COCHIN AIRPORT,2057,6514.72
2008-09,Maharashtra,ICD CFS MULUND,0,0
2008-09,Bihar,RAXAUL ICD,113825,134485.76
2008-09,Kerala,TRIVANDRUM AIRPORT,0,0
2008-09,Tamil Nadu,CHENNAI AIR,150,387.24
2008-09,West Bengal,JOYNAGAR ROAD/ RAILWAY,0,0
2008-09,West Bengal,NEPALGANJ ROAD/ RAILWAY,0,0
2008-09,Karnataka,NEWMANGALORE SEA,0,0
2008-09,Uttar Pradesh,NAUTANWA (SONAULI) ICD,9195,11358.77
2008-09,Bihar,JOGBANI ROAD ICD,0,0
2008-09,Delhi,ICD CFS PATPARGANJ,0,0
2008-09,Gujarat,PIPAVAB(VICYOR) SEA,0,0
2008-09,Bihar,PANITANKI ROAD/ RAILWAY,2500,9969.56
2008-09,Manipur,MOREH ROAD/ RAILWAY,0,0
2008-09,Punjab,AMRITSAR RLY.STN.,0,0
2008-09,Uttar Pradesh,TIKUNIA ROAD/ RAILWAY,0,0
2008-09,UNSPECIFIED,UNSPECIFIED,0,0
2008-09,West Bengal,KOTWALIGATE (MOHEDIPUR) ROAD/ RAILWAY,74800,26451.84
2008-09,Tamil Nadu,CUDDALORE SEA,3000,4566.21
2008-09,Tamil Nadu,ICD SALEM,16714,14266.14
2008-09,Tamil Nadu,ICD TUTICORIN,0,0
2008-09,West Bengal,PETRAPOLE LAND ROAD/ RAILWAY,0,0
2008-09,West Bengal,SINGABAD RAILWAY STATION,2330,32669.56
2009-10,Maharashtra,NHAVA SHEVA SEA,427902714,1017731733
2009-10,Haryana,ICD GARHIHARSARU,36682380,83110683.99
2009-10,Haryana,ICD FARIDABAD,21078054,37062589.92
2009-10,Tamil Nadu,CHENNAI SEA,3012594,6568453.29
2009-10,Punjab,CFS DAPPER(DERABASSI),835250,1990673.23
2009-10,Punjab,"ATTARIROAD,AMRITSAR ROAD/ RAILWAY",961727,1480462.43
2009-10,Kerala,COCHIN SEA,833516,1437796.67
2009-10,West Bengal,KOLKATA SEA,753790,871485.53
2009-10,Telangana,ICD HYDERABAD,161783,404927.74
2009-10,Andhra Pradesh,VISAKHAPATNAM SEA,202420,384686.16
2009-10,Maharashtra,MUMBAI AIR,132856,383894.64
2009-10,Delhi,DELHI (ICD),14500,137303.08
2009-10,Telangana,HYDERABAD AIRPORT,11763,89937.74
2009-10,Delhi,DELHI AIRPORT,11600,43553.5
2009-10,Kerala,COCHIN AIRPORT,13574,40424.45
2009-10,Maharashtra,ICD CFS MULUND,18850,13543.16
2009-10,Bihar,RAXAUL ICD,12000,11603.38
2009-10,Kerala,TRIVANDRUM AIRPORT,401,2688.54
2009-10,Tamil Nadu,CHENNAI AIR,450,1597.57
2009-10,West Bengal,JOYNAGAR ROAD/ RAILWAY,965,1126.67
2009-10,West Bengal,NEPALGANJ ROAD/ RAILWAY,480,829.11
2009-10,Karnataka,NEWMANGALORE SEA,320,661.29
2009-10,Uttar Pradesh,NAUTANWA (SONAULI) ICD,30080,387.34
2009-10,Bihar,JOGBANI ROAD ICD,70,376.58
2009-10,Delhi,ICD CFS PATPARGANJ,65,31.75
2009-10,Gujarat,PIPAVAB(VICYOR) SEA,0,0
2009-10,Bihar,PANITANKI ROAD/ RAILWAY,0,0
2009-10,Manipur,MOREH ROAD/ RAILWAY,0,0
2009-10,Punjab,AMRITSAR RLY.STN.,0,0
2009-10,Uttar Pradesh,TIKUNIA ROAD/ RAILWAY,0,0
2009-10,UNSPECIFIED,UNSPECIFIED,0,0
2009-10,West Bengal,KOTWALIGATE (MOHEDIPUR) ROAD/ RAILWAY,0,0
2009-10,Tamil Nadu,CUDDALORE SEA,0,0
2009-10,Tamil Nadu,ICD SALEM,0,0
2009-10,Tamil Nadu,ICD TUTICORIN,0,0
2009-10,West Bengal,PETRAPOLE LAND ROAD/ RAILWAY,0,0
2009-10,West Bengal,SINGABAD RAILWAY STATION,0,0
2011-12,Maharashtra,NHAVA SHEVA SEA,634473760,1812448053
2011-12,Uttar Pradesh,CFS ALBATROSS/ICD DADRI,27314666,79664577.24
2011-12,Uttar Pradesh,ICD NOIDA-DADRI,175009018,510863137.3
2011-12,UTTAR PRADESH,ICD Juhi Railway Yard Kanpur ICD,0,0
2011-12,Uttar Pradesh,"ICD PANKI, UP",0,0
2011-12,HARYANA,ICD Piyala Ballagarh ICD,0,0
2011-12,Haryana,"ICD PALWAL, BHAGOLA-JANAULI Haryana",0,0
2011-12,Tamil Nadu,CHENNAI SEA,5063893,13822034.64
2011-12,Haryana,ICD PATLI,18620,29138.73
2011-12,Andhra Pradesh,VISAKHAPATNAM SEA,794722,2282750.95
2011-12,Delhi,DELHI AIRPORT,18301,71271.56
2011-12,HARYANA,ICD SONIPAT ICD,0,0
2011-12,Uttar Pradesh,ICD CGML DADRI,30551672,93683118.36
2011-12,West Bengal,DABGRAM ICD,0,0
2011-12,Tamil Nadu,KATTUPALLI PORT/ TIRUVALLUR SEA,0,0
2011-12,Uttar Pradesh,ICD CFS STARTRACK DADRI,12272197,36591645.95
2011-12,West Bengal,JAIGAON ICD,0,0
2011-12,West Bengal,KOLKATA SEA,3500,14041.45
2011-12,Uttar Pradesh,LUCKNOW AIR Uttar Pradesh,0,0
2011-12,Rajasthan,MAHINDRA CITY TEXTILES SEZ TN,0,0
2011-12,Andhra Pradesh,KRISHNAPATNAM SEA,0,0
2011-12,Bihar,RAXAUL ICD,0,0
2011-12,Telangana,ICD HYDERABAD,757008,2108673.02
2011-12,Maharashtra,MUMBAI AIR,1414970,6948611.1
2011-12,Gujarat,MUNDRA SEA,0,0
2011-12,Uttar Pradesh,NAUTANWA (SONAULI) ICD,0,0
2011-12,Kerala,COCHIN SEA,2666,162359.46
2011-12,Tamil Nadu,CHENNAI AIR,60662,240114.46
2011-12,Gujarat,ICD SABARMATI,0,0
2011-12,Tamil Nadu,TUTICORIN SEA,0,0
2011-12,Telangana,HYDERABAD AIRPORT,0,0
2011-12,Tamil Nadu,ICD TONDIAR-PET CHENNAI,0,0
2011-12,Kerala,TRIVANDRUM AIRPORT,12,46.93
2011-12,Maharashtra,ICD JANORI,0,0
2011-12,Maharashtra,ICD WALUJ,0,0
2011-12,Punjab,"ATTARIROAD,AMRITSAR ROAD/ RAILWAY",568813,1100364.52
2011-12,Punjab,CFS DAPPER(DERABASSI),0,0
2011-12,Punjab,ICD CHOWPAYAL Punjab,0,0
2011-12,Gujarat,PIPAVAB(VICYOR) SEA,0,0
2011-12,Haryana,ICD FARIDABAD,0,0
2011-12,Haryana,ICD GARHIHARSARU,64375736,205920407.9
2011-12,Bihar,BAIRGANIA Bihar,0,0
2011-12,Bihar,JOGBANI ROAD ICD,1280,10464.96
2011-12,Karnataka,NEWMANGALORE SEA,0,0
2011-12,Kerala,COCHIN AIRPORT,864,2153.31
2011-12,Gujarat,"HAZIRA PORT, SURAT SEZ",0,0
2011-12,Uttar Pradesh,SONBARSA ROAD/ RAILWAY,0,0
2011-12,Uttarakhand,TANAKPUR (NAINATAL) ICD,470,162.68
2011-12,Uttar Pradesh,ICD TRIDENT DADRI,1819490,5526578.69
2011-12,Uttar Pradesh,ICD PAKWARA (MORADABAD),1057878,4300912.62
2011-12,UTTAR PRADESH,ICD Pakwara Moradabad/Meerut ICD,0,0
2011-12,UNSPECIFIED,UNSPECIFIED,0,0
2011-12,Uttar Pradesh,GOURIPHANTA ROAD/ RAILWAY,0,0
2011-12,Uttar Pradesh,ICD IBRAHIMPUR KHURJA Uttar Pradesh,0,0
2011-12,Uttar Pradesh,ICD KANPUR,7656412,21106357.32
2011-12,Uttar Pradesh,ICD LONI,24477550,72461042.43
2011-12,West Bengal,NEPALGANJ ROAD/ RAILWAY,0,0
2011-12,West Bengal,PETRAPOLE LAND ROAD/ RAILWAY,300,1201.34
2012-13,Maharashtra,NHAVA SHEVA SEA,634473760,1812448053
2012-13,Uttar Pradesh,CFS ALBATROSS/ICD DADRI,27314666,79664577.24
2012-13,Uttar Pradesh,ICD NOIDA-DADRI,175009018,510863137.3
2012-13,UTTAR PRADESH,ICD Juhi Railway Yard Kanpur ICD,0,0
2012-13,Uttar Pradesh,"ICD PANKI, UP",0,0
2012-13,HARYANA,ICD Piyala Ballagarh ICD,0,0
2012-13,Haryana,"ICD PALWAL, BHAGOLA-JANAULI Haryana",0,0
2012-13,Tamil Nadu,CHENNAI SEA,5063893,13822034.64
2012-13,Haryana,ICD PATLI,18620,29138.73
2012-13,Andhra Pradesh,VISAKHAPATNAM SEA,794722,2282750.95
2012-13,Delhi,DELHI AIRPORT,18301,71271.56
2012-13,HARYANA,ICD SONIPAT ICD,0,0
2012-13,Uttar Pradesh,ICD CGML DADRI,30551672,93683118.36
2012-13,West Bengal,DABGRAM ICD,0,0
2012-13,Tamil Nadu,KATTUPALLI PORT/ TIRUVALLUR SEA,0,0
2012-13,Uttar Pradesh,ICD CFS STARTRACK DADRI,12272197,36591645.95
2012-13,West Bengal,JAIGAON ICD,0,0
2012-13,West Bengal,KOLKATA SEA,3500,14041.45
2012-13,Uttar Pradesh,LUCKNOW AIR Uttar Pradesh,0,0
2012-13,Rajasthan,MAHINDRA CITY TEXTILES SEZ TN,0,0
2012-13,Andhra Pradesh,KRISHNAPATNAM SEA,0,0
2012-13,Bihar,RAXAUL ICD,0,0
2012-13,Telangana,ICD HYDERABAD,757008,2108673.02
2012-13,Maharashtra,MUMBAI AIR,1414970,6948611.1
2012-13,Gujarat,MUNDRA SEA,0,0
2012-13,Uttar Pradesh,NAUTANWA (SONAULI) ICD,0,0
2012-13,Kerala,COCHIN SEA,2666,162359.46
2012-13,Tamil Nadu,CHENNAI AIR,60662,240114.46
2012-13,Gujarat,ICD SABARMATI,0,0
2012-13,Tamil Nadu,TUTICORIN SEA,0,0
2012-13,Telangana,HYDERABAD AIRPORT,0,0
2012-13,Tamil Nadu,ICD TONDIAR-PET CHENNAI,0,0
2012-13,Kerala,TRIVANDRUM AIRPORT,12,46.93
2012-13,Maharashtra,ICD JANORI,0,0
2012-13,Maharashtra,ICD WALUJ,0,0
2012-13,Punjab,"ATTARIROAD,AMRITSAR ROAD/ RAILWAY",568813,1100364.52
2012-13,Punjab,CFS DAPPER(DERABASSI),0,0
2012-13,Punjab,ICD CHOWPAYAL Punjab,0,0
2012-13,Gujarat,PIPAVAB(VICYOR) SEA,0,0
2012-13,Haryana,ICD FARIDABAD,0,0
2012-13,Haryana,ICD GARHIHARSARU,64375736,205920407.9
2012-13,Bihar,BAIRGANIA Bihar,0,0
2012-13,Bihar,JOGBANI ROAD ICD,1280,10464.96
2012-13,Karnataka,NEWMANGALORE SEA,0,0
2012-13,Kerala,COCHIN AIRPORT,864,2153.31
2012-13,Gujarat,"HAZIRA PORT, SURAT SEZ",0,0
2012-13,Uttar Pradesh,SONBARSA ROAD/ RAILWAY,0,0
2012-13,Uttarakhand,TANAKPUR (NAINATAL) ICD,470,162.68
2012-13,Uttar Pradesh,ICD TRIDENT DADRI,1819490,5526578.69
2012-13,Uttar Pradesh,ICD PAKWARA (MORADABAD),1057878,4300912.62
2012-13,UTTAR PRADESH,ICD Pakwara Moradabad/Meerut ICD,0,0
2012-13,UNSPECIFIED,UNSPECIFIED,0,0
2012-13,Uttar Pradesh,GOURIPHANTA ROAD/ RAILWAY,0,0
2012-13,Uttar Pradesh,ICD IBRAHIMPUR KHURJA Uttar Pradesh,0,0
2012-13,Uttar Pradesh,ICD KANPUR,7656412,21106357.32
2012-13,Uttar Pradesh,ICD LONI,24477550,72461042.43
2012-13,West Bengal,NEPALGANJ ROAD/ RAILWAY,0,0
2012-13,West Bengal,PETRAPOLE LAND ROAD/ RAILWAY,300,1201.34
2013-14,Maharashtra,NHAVA SHEVA SEA,619884152,1717361923
2013-14,Uttar Pradesh,CFS ALBATROSS/ICD DADRI,26084009,79159341
2013-14,Uttar Pradesh,ICD NOIDA-DADRI,218458523,661802576
2013-14,UTTAR PRADESH,ICD Juhi Railway Yard Kanpur ICD,0,0
2013-14,Uttar Pradesh,"ICD PANKI, UP",2269000,6496721
2013-14,HARYANA,ICD Piyala Ballagarh ICD,0,0
2013-14,Haryana,"ICD PALWAL, BHAGOLA-JANAULI Haryana",0,0
2013-14,Tamil Nadu,CHENNAI SEA,8652666,23610905
2013-14,Haryana,ICD PATLI,0,0
2013-14,Andhra Pradesh,VISAKHAPATNAM SEA,663180,1843230
2013-14,Delhi,DELHI AIRPORT,4691567,22328811
2013-14,HARYANA,ICD SONIPAT ICD,0,0
2013-14,Uttar Pradesh,ICD CGML DADRI,94177392,281291592
2013-14,West Bengal,DABGRAM ICD,0,0
2013-14,Tamil Nadu,KATTUPALLI PORT/ TIRUVALLUR SEA,0,0
2013-14,Uttar Pradesh,ICD CFS STARTRACK DADRI,10088789,29238902
2013-14,West Bengal,JAIGAON ICD,24120,52196
2013-14,West Bengal,KOLKATA SEA,0,0
2013-14,Uttar Pradesh,LUCKNOW AIR Uttar Pradesh,0,0
2013-14,Rajasthan,MAHINDRA CITY TEXTILES SEZ TN,0,0
2013-14,Andhra Pradesh,KRISHNAPATNAM SEA,0,0
2013-14,Bihar,RAXAUL ICD,10000,29135
2013-14,Telangana,ICD HYDERABAD,84000,245535
2013-14,Maharashtra,MUMBAI AIR,37449,338994
2013-14,Gujarat,MUNDRA SEA,0,0
2013-14,Uttar Pradesh,NAUTANWA (SONAULI) ICD,0,0
2013-14,Kerala,COCHIN SEA,2112081,5667046
2013-14,Tamil Nadu,CHENNAI AIR,2879,4630
2013-14,Gujarat,ICD SABARMATI,0,0
2013-14,Tamil Nadu,TUTICORIN SEA,0,0
2013-14,Telangana,HYDERABAD AIRPORT,0,0
2013-14,Tamil Nadu,ICD TONDIAR-PET CHENNAI,0,0
2013-14,Kerala,TRIVANDRUM AIRPORT,0,0
2013-14,Maharashtra,ICD JANORI,0,0
2013-14,Maharashtra,ICD WALUJ,0,0
2013-14,Punjab,"ATTARIROAD,AMRITSAR ROAD/ RAILWAY",167262,367506
2013-14,Punjab,CFS DAPPER(DERABASSI),0,0
2013-14,Punjab,ICD CHOWPAYAL Punjab,0,0
2013-14,Gujarat,PIPAVAB(VICYOR) SEA,0,0
2013-14,Haryana,ICD FARIDABAD,0,0
2013-14,Haryana,ICD GARHIHARSARU,109750558,337613618
2013-14,Bihar,BAIRGANIA Bihar,0,0
2013-14,Bihar,JOGBANI ROAD ICD,205,339
2013-14,Karnataka,NEWMANGALORE SEA,0,0
2013-14,Kerala,COCHIN AIRPORT,0,0
2013-14,Gujarat,"HAZIRA PORT, SURAT SEZ",0,0
2013-14,Uttar Pradesh,SONBARSA ROAD/ RAILWAY,7200,19314
2013-14,Uttarakhand,TANAKPUR (NAINATAL) ICD,0,0
2013-14,Uttar Pradesh,ICD TRIDENT DADRI,672000,1926810
2013-14,Uttar Pradesh,ICD PAKWARA (MORADABAD),687442,2949838
2013-14,UTTAR PRADESH,ICD Pakwara Moradabad/Meerut ICD,0,0
2013-14,UNSPECIFIED,UNSPECIFIED,0,0
2013-14,Uttar Pradesh,GOURIPHANTA ROAD/ RAILWAY,0,0
2013-14,Uttar Pradesh,ICD IBRAHIMPUR KHURJA Uttar Pradesh,0,0
2013-14,Uttar Pradesh,ICD KANPUR,1697000,5107831
2013-14,Uttar Pradesh,ICD LONI,8440880,25751049
2013-14,West Bengal,NEPALGANJ ROAD/ RAILWAY,0,0
2013-14,West Bengal,PETRAPOLE LAND ROAD/ RAILWAY,0,0
2014-15,Maharashtra,NHAVA SHEVA SEA,709750315,2272508889
2014-15,Uttar Pradesh,CFS ALBATROSS/ICD DADRI,194886308,646436901
2014-15,Uttar Pradesh,ICD NOIDA-DADRI,161045674,517045457
2014-15,UTTAR PRADESH,ICD Juhi Railway Yard Kanpur ICD,77411570,246822175
2014-15,Uttar Pradesh,"ICD PANKI, UP",53692574,170015442
2014-15,HARYANA,ICD Piyala Ballagarh ICD,0,0
2014-15,Haryana,"ICD PALWAL, BHAGOLA-JANAULI Haryana",0,0
2014-15,Tamil Nadu,CHENNAI SEA,7697451,22125770
2014-15,Haryana,ICD PATLI,0,0
2014-15,Andhra Pradesh,VISAKHAPATNAM SEA,3358880,10426466
2014-15,Delhi,DELHI AIRPORT,9265405,45415712
2014-15,HARYANA,ICD SONIPAT ICD,0,0
2014-15,Uttar Pradesh,ICD CGML DADRI,71154394,230266756
2014-15,West Bengal,DABGRAM ICD,0,0
2014-15,Tamil Nadu,KATTUPALLI PORT/ TIRUVALLUR SEA,7003300,21746065
2014-15,Uttar Pradesh,ICD CFS STARTRACK DADRI,19370168,61703056
2014-15,West Bengal,JAIGAON ICD,0,0
2014-15,West Bengal,KOLKATA SEA,143000,407571
2014-15,Uttar Pradesh,LUCKNOW AIR Uttar Pradesh,0,0
2014-15,Rajasthan,MAHINDRA CITY TEXTILES SEZ TN,0,0
2014-15,Andhra Pradesh,KRISHNAPATNAM SEA,87000,245669
2014-15,Bihar,RAXAUL ICD,0,0
2014-15,Telangana,ICD HYDERABAD,0,0
2014-15,Maharashtra,MUMBAI AIR,3845,22113
2014-15,Gujarat,MUNDRA SEA,0,0
2014-15,Uttar Pradesh,NAUTANWA (SONAULI) ICD,0,0
2014-15,Kerala,COCHIN SEA,0,0
2014-15,Tamil Nadu,CHENNAI AIR,0,0
2014-15,Gujarat,ICD SABARMATI,0,0
2014-15,Tamil Nadu,TUTICORIN SEA,0,0
2014-15,Telangana,HYDERABAD AIRPORT,0,0
2014-15,Tamil Nadu,ICD TONDIAR-PET CHENNAI,0,0
2014-15,Kerala,TRIVANDRUM AIRPORT,0,0
2014-15,Maharashtra,ICD JANORI,0,0
2014-15,Maharashtra,ICD WALUJ,0,0
2014-15,Punjab,"ATTARIROAD,AMRITSAR ROAD/ RAILWAY",255908,511613
2014-15,Punjab,CFS DAPPER(DERABASSI),0,0
2014-15,Punjab,ICD CHOWPAYAL Punjab,0,0
2014-15,Gujarat,PIPAVAB(VICYOR) SEA,0,0
2014-15,Haryana,ICD FARIDABAD,0,0
2014-15,Haryana,ICD GARHIHARSARU,129756474,438095757
2014-15,Bihar,BAIRGANIA Bihar,0,0
2014-15,Bihar,JOGBANI ROAD ICD,375,398
2014-15,Karnataka,NEWMANGALORE SEA,0,0
2014-15,Kerala,COCHIN AIRPORT,0,0
2014-15,Gujarat,"HAZIRA PORT, SURAT SEZ",27000,90657
2014-15,Uttar Pradesh,SONBARSA ROAD/ RAILWAY,0,0
2014-15,Uttarakhand,TANAKPUR (NAINATAL) ICD,0,0
2014-15,Uttar Pradesh,ICD TRIDENT DADRI,0,0
2014-15,Uttar Pradesh,ICD PAKWARA (MORADABAD),0,0
2014-15,UTTAR PRADESH,ICD Pakwara Moradabad/Meerut ICD,85443,585981
2014-15,UNSPECIFIED,UNSPECIFIED,0,0
2014-15,Uttar Pradesh,GOURIPHANTA ROAD/ RAILWAY,0,0
2014-15,Uttar Pradesh,ICD IBRAHIMPUR KHURJA Uttar Pradesh,0,0
2014-15,Uttar Pradesh,ICD KANPUR,0,0
2014-15,Uttar Pradesh,ICD LONI,31314700,97765511
2014-15,West Bengal,NEPALGANJ ROAD/ RAILWAY,0,0
2014-15,West Bengal,PETRAPOLE LAND ROAD/ RAILWAY,0,0
2015-16,Maharashtra,NHAVA SHEVA SEA,529657470,1650989466
2015-16,Uttar Pradesh,CFS ALBATROSS/ICD DADRI,218530284,677840143
2015-16,Uttar Pradesh,ICD NOIDA-DADRI,70897532,213515666
2015-16,UTTAR PRADESH,ICD Juhi Railway Yard Kanpur ICD,51787771,158276499
2015-16,Uttar Pradesh,"ICD PANKI, UP",52471410,162055235
2015-16,HARYANA,ICD Piyala Ballagarh ICD,5598420,16527473
2015-16,Haryana,"ICD PALWAL, BHAGOLA-JANAULI Haryana",0,0
2015-16,Tamil Nadu,CHENNAI SEA,45058867,126742519
2015-16,Haryana,ICD PATLI,0,0
2015-16,Andhra Pradesh,VISAKHAPATNAM SEA,6323921,18534464
2015-16,Delhi,DELHI AIRPORT,9021756,43177675
2015-16,HARYANA,ICD SONIPAT ICD,13589000,44067698
2015-16,Uttar Pradesh,ICD CGML DADRI,30810961,92395598
2015-16,West Bengal,DABGRAM ICD,0,0
2015-16,Tamil Nadu,KATTUPALLI PORT/ TIRUVALLUR SEA,36794390,106569762
2015-16,Uttar Pradesh,ICD CFS STARTRACK DADRI,6180749,19246642
2015-16,West Bengal,JAIGAON ICD,0,0
2015-16,West Bengal,KOLKATA SEA,1850000,5391518
2015-16,Uttar Pradesh,LUCKNOW AIR Uttar Pradesh,0,0
2015-16,Rajasthan,MAHINDRA CITY TEXTILES SEZ TN,0,0
2015-16,Andhra Pradesh,KRISHNAPATNAM SEA,1262000,3803633
2015-16,Bihar,RAXAUL ICD,0,0
2015-16,Telangana,ICD HYDERABAD,3388000,9791528
2015-16,Maharashtra,MUMBAI AIR,16780,73694
2015-16,Gujarat,MUNDRA SEA,0,0
2015-16,Uttar Pradesh,NAUTANWA (SONAULI) ICD,0,0
2015-16,Kerala,COCHIN SEA,0,0
2015-16,Tamil Nadu,CHENNAI AIR,180,557
2015-16,Gujarat,ICD SABARMATI,0,0
2015-16,Tamil Nadu,TUTICORIN SEA,28000,48882
2015-16,Telangana,HYDERABAD AIRPORT,0,0
2015-16,Tamil Nadu,ICD TONDIAR-PET CHENNAI,0,0
2015-16,Kerala,TRIVANDRUM AIRPORT,0,0
2015-16,Maharashtra,ICD JANORI,0,0
2015-16,Maharashtra,ICD WALUJ,0,0
2015-16,Punjab,"ATTARIROAD,AMRITSAR ROAD/ RAILWAY",154000,339678
2015-16,Punjab,CFS DAPPER(DERABASSI),0,0
2015-16,Punjab,ICD CHOWPAYAL Punjab,0,0
2015-16,Gujarat,PIPAVAB(VICYOR) SEA,0,0
2015-16,Haryana,ICD FARIDABAD,0,0
2015-16,Haryana,ICD GARHIHARSARU,95772082,310521175
2015-16,Bihar,BAIRGANIA Bihar,0,0
2015-16,Bihar,JOGBANI ROAD ICD,0,0
2015-16,Karnataka,NEWMANGALORE SEA,0,0
2015-16,Kerala,COCHIN AIRPORT,0,0
2015-16,Gujarat,"HAZIRA PORT, SURAT SEZ",0,0
2015-16,Uttar Pradesh,SONBARSA ROAD/ RAILWAY,60520,417899
2015-16,Uttarakhand,TANAKPUR (NAINATAL) ICD,0,0
2015-16,Uttar Pradesh,ICD TRIDENT DADRI,0,0
2015-16,Uttar Pradesh,ICD PAKWARA (MORADABAD),0,0
2015-16,UTTAR PRADESH,ICD Pakwara Moradabad/Meerut ICD,0,0
2015-16,UNSPECIFIED,UNSPECIFIED,0,0
2015-16,Uttar Pradesh,GOURIPHANTA ROAD/ RAILWAY,0,0
2015-16,Uttar Pradesh,ICD IBRAHIMPUR KHURJA Uttar Pradesh,0,0
2015-16,Uttar Pradesh,ICD KANPUR,0,0
2015-16,Uttar Pradesh,ICD LONI,135279500,409355874
2015-16,West Bengal,NEPALGANJ ROAD/ RAILWAY,0,0
2015-16,West Bengal,PETRAPOLE LAND ROAD/ RAILWAY,0,0
2016-17,Maharashtra,NHAVA SHEVA SEA,559394594,1680349441
2016-17,Uttar Pradesh,CFS ALBATROSS/ICD DADRI,213783581,642407683
2016-17,Uttar Pradesh,ICD NOIDA-DADRI,39154435,108700527
2016-17,UTTAR PRADESH,ICD Juhi Railway Yard Kanpur ICD,57822910,167896643
2016-17,Uttar Pradesh,"ICD PANKI, UP",69921297,206139331
2016-17,HARYANA,ICD Piyala Ballagarh ICD,92159461,282822408
2016-17,Haryana,"ICD PALWAL, BHAGOLA-JANAULI Haryana",0,0
2016-17,Tamil Nadu,CHENNAI SEA,13256456,34780991
2016-17,Haryana,ICD PATLI,0,0
2016-17,Andhra Pradesh,VISAKHAPATNAM SEA,15005598,41212931
2016-17,Delhi,DELHI AIRPORT,9065061,40167433
2016-17,HARYANA,ICD SONIPAT ICD,68681706,208353964
2016-17,Uttar Pradesh,ICD CGML DADRI,33713924,94545869
2016-17,West Bengal,DABGRAM ICD,0,0
2016-17,Tamil Nadu,KATTUPALLI PORT/ TIRUVALLUR SEA,58372894,150164675
2016-17,Uttar Pradesh,ICD CFS STARTRACK DADRI,364000,741389
2016-17,West Bengal,JAIGAON ICD,13580,23282
2016-17,West Bengal,KOLKATA SEA,0,0
2016-17,Uttar Pradesh,LUCKNOW AIR Uttar Pradesh,227012,1002390
2016-17,Rajasthan,MAHINDRA CITY TEXTILES SEZ TN,0,0
2016-17,Andhra Pradesh,KRISHNAPATNAM SEA,257000,597952
2016-17,Bihar,RAXAUL ICD,2300,3930
2016-17,Telangana,ICD HYDERABAD,86000,163602
2016-17,Maharashtra,MUMBAI AIR,4832,21191
2016-17,Gujarat,MUNDRA SEA,0,0
2016-17,Uttar Pradesh,NAUTANWA (SONAULI) ICD,0,0
2016-17,Kerala,COCHIN SEA,2119000,5789269
2016-17,Tamil Nadu,CHENNAI AIR,0,0
2016-17,Gujarat,ICD SABARMATI,0,0
2016-17,Tamil Nadu,TUTICORIN SEA,28000,49666
2016-17,Telangana,HYDERABAD AIRPORT,2974,7873
2016-17,Tamil Nadu,ICD TONDIAR-PET CHENNAI,1,1
2016-17,Kerala,TRIVANDRUM AIRPORT,50,105
2016-17,Maharashtra,ICD JANORI,0,0
2016-17,Maharashtra,ICD WALUJ,0,0
2016-17,Punjab,"ATTARIROAD,AMRITSAR ROAD/ RAILWAY",430004,914728
2016-17,Punjab,CFS DAPPER(DERABASSI),0,0
2016-17,Punjab,ICD CHOWPAYAL Punjab,0,0
2016-17,Gujarat,PIPAVAB(VICYOR) SEA,0,0
2016-17,Haryana,ICD FARIDABAD,0,0
2016-17,Haryana,ICD GARHIHARSARU,0,0
2016-17,Bihar,BAIRGANIA Bihar,0,0
2016-17,Bihar,JOGBANI ROAD ICD,0,0
2016-17,Karnataka,NEWMANGALORE SEA,0,0
2016-17,Kerala,COCHIN AIRPORT,0,0
2016-17,Gujarat,"HAZIRA PORT, SURAT SEZ",0,0
2016-17,Uttar Pradesh,SONBARSA ROAD/ RAILWAY,145482,213023
2016-17,Uttarakhand,TANAKPUR (NAINATAL) ICD,0,0
2016-17,Uttar Pradesh,ICD TRIDENT DADRI,0,0
2016-17,Uttar Pradesh,ICD PAKWARA (MORADABAD),0,0
2016-17,UTTAR PRADESH,ICD Pakwara Moradabad/Meerut ICD,0,0
2016-17,UNSPECIFIED,UNSPECIFIED,0,0
2016-17,Uttar Pradesh,GOURIPHANTA ROAD/ RAILWAY,0,0
2016-17,Uttar Pradesh,ICD IBRAHIMPUR KHURJA Uttar Pradesh,475961,1392077
2016-17,Uttar Pradesh,ICD KANPUR,0,0
2016-17,Uttar Pradesh,ICD LONI,89088000,243512497
2016-17,West Bengal,NEPALGANJ ROAD/ RAILWAY,0,0
2016-17,West Bengal,PETRAPOLE LAND ROAD/ RAILWAY,0,0
2017-18,Maharashtra,NHAVA SHEVA SEA,413768706,1251080786
2017-18,Uttar Pradesh,CFS ALBATROSS/ICD DADRI,298262428,903516977
2017-18,Uttar Pradesh,ICD NOIDA-DADRI,30513024,88875172
2017-18,UTTAR PRADESH,ICD Juhi Railway Yard Kanpur ICD,116852250,351278847
2017-18,Uttar Pradesh,"ICD PANKI, UP",84533259,254592313
2017-18,HARYANA,ICD Piyala Ballagarh ICD,106277944,335940050
2017-18,Haryana,"ICD PALWAL, BHAGOLA-JANAULI Haryana",951984,2941280
2017-18,Tamil Nadu,CHENNAI SEA,10076000,24457011
2017-18,Haryana,ICD PATLI,0,0
2017-18,Andhra Pradesh,VISAKHAPATNAM SEA,23619737,66473404
2017-18,Delhi,DELHI AIRPORT,8700846,37171509
2017-18,HARYANA,ICD SONIPAT ICD,57909940,178433021
2017-18,Uttar Pradesh,ICD CGML DADRI,41752405,121155215
2017-18,West Bengal,DABGRAM ICD,0,0
2017-18,Tamil Nadu,KATTUPALLI PORT/ TIRUVALLUR SEA,59112754,146665683
2017-18,Uttar Pradesh,ICD CFS STARTRACK DADRI,0,0
2017-18,West Bengal,JAIGAON ICD,151995,420269
2017-18,West Bengal,KOLKATA SEA,0,0
2017-18,Uttar Pradesh,LUCKNOW AIR Uttar Pradesh,1332142,5601834
2017-18,Rajasthan,MAHINDRA CITY TEXTILES SEZ TN,0,0
2017-18,Andhra Pradesh,KRISHNAPATNAM SEA,0,0
2017-18,Bihar,RAXAUL ICD,13000,16343
2017-18,Telangana,ICD HYDERABAD,421000,1244914
2017-18,Maharashtra,MUMBAI AIR,15783,82185
2017-18,Gujarat,MUNDRA SEA,0,0
2017-18,Uttar Pradesh,NAUTANWA (SONAULI) ICD,0,0
2017-18,Kerala,COCHIN SEA,638000,1869034
2017-18,Tamil Nadu,CHENNAI AIR,0,0
2017-18,Gujarat,ICD SABARMATI,0,0
2017-18,Tamil Nadu,TUTICORIN SEA,0,3
2017-18,Telangana,HYDERABAD AIRPORT,1400,6549
2017-18,Tamil Nadu,ICD TONDIAR-PET CHENNAI,0,0
2017-18,Kerala,TRIVANDRUM AIRPORT,0,0
2017-18,Maharashtra,ICD JANORI,0,0
2017-18,Maharashtra,ICD WALUJ,0,0
2017-18,Punjab,"ATTARIROAD,AMRITSAR ROAD/ RAILWAY",410000,880894
2017-18,Punjab,CFS DAPPER(DERABASSI),0,0
2017-18,Punjab,ICD CHOWPAYAL Punjab,7436018,22087070
2017-18,Gujarat,PIPAVAB(VICYOR) SEA,0,0
2017-18,Haryana,ICD FARIDABAD,0,0
2017-18,Haryana,ICD GARHIHARSARU,0,0
2017-18,Bihar,BAIRGANIA Bihar,0,0
2017-18,Bihar,JOGBANI ROAD ICD,168,817
2017-18,Karnataka,NEWMANGALORE SEA,0,0
2017-18,Kerala,COCHIN AIRPORT,0,0
2017-18,Gujarat,"HAZIRA PORT, SURAT SEZ",0,0
2017-18,Uttar Pradesh,SONBARSA ROAD/ RAILWAY,0,0
2017-18,Uttarakhand,TANAKPUR (NAINATAL) ICD,0,0
2017-18,Uttar Pradesh,ICD TRIDENT DADRI,0,0
2017-18,Uttar Pradesh,ICD PAKWARA (MORADABAD),0,0
2017-18,UTTAR PRADESH,ICD Pakwara Moradabad/Meerut ICD,0,0
2017-18,UNSPECIFIED,UNSPECIFIED,0,0
2017-18,Uttar Pradesh,GOURIPHANTA ROAD/ RAILWAY,18902,10465
2017-18,Uttar Pradesh,ICD IBRAHIMPUR KHURJA Uttar Pradesh,0,0
2017-18,Uttar Pradesh,ICD KANPUR,0,0
2017-18,Uttar Pradesh,ICD LONI,87793800,242091010
2017-18,West Bengal,NEPALGANJ ROAD/ RAILWAY,0,0
2017-18,West Bengal,PETRAPOLE LAND ROAD/ RAILWAY,0,0
2018-19,Maharashtra,NHAVA SHEVA SEA,341206844,1003880024
2018-19,Uttar Pradesh,CFS ALBATROSS/ICD DADRI,271707218,811040516
2018-19,Uttar Pradesh,ICD NOIDA-DADRI,41243437,113915200
2018-19,UTTAR PRADESH,ICD Juhi Railway Yard Kanpur ICD,139703338,422761303
2018-19,Uttar Pradesh,"ICD PANKI, UP",74346566,221738189
2018-19,HARYANA,ICD Piyala Ballagarh ICD,97293720,301128626
2018-19,Haryana,"ICD PALWAL, BHAGOLA-JANAULI Haryana",12690360,39463264
2018-19,Tamil Nadu,CHENNAI SEA,15748068,26857498
2018-19,Haryana,ICD PATLI,0,0
2018-19,Andhra Pradesh,VISAKHAPATNAM SEA,32030474,87686904
2018-19,Delhi,DELHI AIRPORT,7465158,31949080
2018-19,HARYANA,ICD SONIPAT ICD,19060000,56477335
2018-19,Uttar Pradesh,ICD CGML DADRI,21284466,62476424
2018-19,West Bengal,DABGRAM ICD,0,0
2018-19,Tamil Nadu,KATTUPALLI PORT/ TIRUVALLUR SEA,80919736,197951078
2018-19,Uttar Pradesh,ICD CFS STARTRACK DADRI,3208550,9183577
2018-19,West Bengal,JAIGAON ICD,204000,524024
2018-19,West Bengal,KOLKATA SEA,0,0
2018-19,Uttar Pradesh,LUCKNOW AIR Uttar Pradesh,1426593,5936763
2018-19,Rajasthan,MAHINDRA CITY TEXTILES SEZ TN,0,0
2018-19,Andhra Pradesh,KRISHNAPATNAM SEA,0,0
2018-19,Bihar,RAXAUL ICD,84795,192870
2018-19,Telangana,ICD HYDERABAD,196000,544847
2018-19,Maharashtra,MUMBAI AIR,18746,149693
2018-19,Gujarat,MUNDRA SEA,0,0
2018-19,Uttar Pradesh,NAUTANWA (SONAULI) ICD,0,0
2018-19,Kerala,COCHIN SEA,0,0
2018-19,Tamil Nadu,CHENNAI AIR,0,0
2018-19,Gujarat,ICD SABARMATI,0,0
2018-19,Tamil Nadu,TUTICORIN SEA,0,0
2018-19,Telangana,HYDERABAD AIRPORT,0,0
2018-19,Tamil Nadu,ICD TONDIAR-PET CHENNAI,0,0
2018-19,Kerala,TRIVANDRUM AIRPORT,0,0
2018-19,Maharashtra,ICD JANORI,0,0
2018-19,Maharashtra,ICD WALUJ,86000,211013
2018-19,Punjab,"ATTARIROAD,AMRITSAR ROAD/ RAILWAY",57000,102599
2018-19,Punjab,CFS DAPPER(DERABASSI),0,0
2018-19,Punjab,ICD CHOWPAYAL Punjab,6921040,20592574
2018-19,Gujarat,PIPAVAB(VICYOR) SEA,0,0
2018-19,Haryana,ICD FARIDABAD,0,0
2018-19,Haryana,ICD GARHIHARSARU,0,0
2018-19,Bihar,BAIRGANIA Bihar,0,0
2018-19,Bihar,JOGBANI ROAD ICD,16200,21403
2018-19,Karnataka,NEWMANGALORE SEA,0,0
2018-19,Kerala,COCHIN AIRPORT,0,0
2018-19,Gujarat,"HAZIRA PORT, SURAT SEZ",0,0
2018-19,Uttar Pradesh,SONBARSA ROAD/ RAILWAY,7400,10675
2018-19,Uttarakhand,TANAKPUR (NAINATAL) ICD,0,0
2018-19,Uttar Pradesh,ICD TRIDENT DADRI,0,0
2018-19,Uttar Pradesh,ICD PAKWARA (MORADABAD),0,0
2018-19,UTTAR PRADESH,ICD Pakwara Moradabad/Meerut ICD,0,0
2018-19,UNSPECIFIED,UNSPECIFIED,0,0
2018-19,Uttar Pradesh,GOURIPHANTA ROAD/ RAILWAY,0,0
2018-19,Uttar Pradesh,ICD IBRAHIMPUR KHURJA Uttar Pradesh,0,0
2018-19,Uttar Pradesh,ICD KANPUR,0,0
2018-19,Uttar Pradesh,ICD LONI,69712689,193926060
2018-19,West Bengal,NEPALGANJ ROAD/ RAILWAY,0,0
2018-19,West Bengal,PETRAPOLE LAND ROAD/ RAILWAY,0,0
2019-20,Maharashtra,NHAVA SHEVA SEA,342410444,953506451
2019-20,Uttar Pradesh,CFS ALBATROSS/ICD DADRI,273867252,757646390
2019-20,Uttar Pradesh,ICD NOIDA-DADRI,52362165,145044429
2019-20,UTTAR PRADESH,ICD Juhi Railway Yard Kanpur ICD,99717515,278238575
2019-20,Uttar Pradesh,"ICD PANKI, UP",83811614,236068043
2019-20,HARYANA,ICD Piyala Ballagarh ICD,71756360,208230194
2019-20,Haryana,"ICD PALWAL, BHAGOLA-JANAULI Haryana",17396426,48295468
2019-20,Tamil Nadu,CHENNAI SEA,15827742,33808103
2019-20,Haryana,ICD PATLI,3801800,10756239
2019-20,Andhra Pradesh,VISAKHAPATNAM SEA,25147752,65223974
2019-20,Delhi,DELHI AIRPORT,6777171,27443962
2019-20,HARYANA,ICD SONIPAT ICD,7532200,21718876
2019-20,Uttar Pradesh,ICD CGML DADRI,23138508,63240775
2019-20,West Bengal,DABGRAM ICD,0,0
2019-20,Tamil Nadu,KATTUPALLI PORT/ TIRUVALLUR SEA,60952848,138948443
2019-20,Uttar Pradesh,ICD CFS STARTRACK DADRI,5279000,15125107
2019-20,West Bengal,JAIGAON ICD,392144,1006894
2019-20,West Bengal,KOLKATA SEA,0,0
2019-20,Uttar Pradesh,LUCKNOW AIR Uttar Pradesh,1028588,4028931
2019-20,Rajasthan,MAHINDRA CITY TEXTILES SEZ TN,173000,404632
2019-20,Andhra Pradesh,KRISHNAPATNAM SEA,1221644,3033801
2019-20,Bihar,RAXAUL ICD,129140,265313
2019-20,Telangana,ICD HYDERABAD,0,0
2019-20,Maharashtra,MUMBAI AIR,18280,126619
2019-20,Gujarat,MUNDRA SEA,0,0
2019-20,Uttar Pradesh,NAUTANWA (SONAULI) ICD,12000,15170
2019-20,Kerala,COCHIN SEA,0,0
2019-20,Tamil Nadu,CHENNAI AIR,0,0
2019-20,Gujarat,ICD SABARMATI,0,0
2019-20,Tamil Nadu,TUTICORIN SEA,0,0
2019-20,Telangana,HYDERABAD AIRPORT,800,1381
2019-20,Tamil Nadu,ICD TONDIAR-PET CHENNAI,0,0
2019-20,Kerala,TRIVANDRUM AIRPORT,0,0
2019-20,Maharashtra,ICD JANORI,168000,430087
2019-20,Maharashtra,ICD WALUJ,57000,229723
2019-20,Punjab,"ATTARIROAD,AMRITSAR ROAD/ RAILWAY",0,0
2019-20,Punjab,CFS DAPPER(DERABASSI),591000,1615380
2019-20,Punjab,ICD CHOWPAYAL Punjab,0,0
2019-20,Gujarat,PIPAVAB(VICYOR) SEA,0,0
2019-20,Haryana,ICD FARIDABAD,5637490,15837284
2019-20,Haryana,ICD GARHIHARSARU,0,0
2019-20,Bihar,BAIRGANIA Bihar,8000,11466
2019-20,Bihar,JOGBANI ROAD ICD,0,0
2019-20,Karnataka,NEWMANGALORE SEA,0,0
2019-20,Kerala,COCHIN AIRPORT,0,0
2019-20,Gujarat,"HAZIRA PORT, SURAT SEZ",0,0
2019-20,Uttar Pradesh,SONBARSA ROAD/ RAILWAY,4740,7170
2019-20,Uttarakhand,TANAKPUR (NAINATAL) ICD,0,0
2019-20,Uttar Pradesh,ICD TRIDENT DADRI,0,0
2019-20,Uttar Pradesh,ICD PAKWARA (MORADABAD),0,0
2019-20,UTTAR PRADESH,ICD Pakwara Moradabad/Meerut ICD,80085,421815
2019-20,UNSPECIFIED,UNSPECIFIED,0,0
2019-20,Uttar Pradesh,GOURIPHANTA ROAD/ RAILWAY,0,0
2019-20,Uttar Pradesh,ICD IBRAHIMPUR KHURJA Uttar Pradesh,0,0
2019-20,Uttar Pradesh,ICD KANPUR,0,0
2019-20,Uttar Pradesh,ICD LONI,53246598,144356387
2019-20,West Bengal,NEPALGANJ ROAD/ RAILWAY,0,0
2019-20,West Bengal,PETRAPOLE LAND ROAD/ RAILWAY,0,0
2020-21,Maharashtra,NHAVA SHEVA SEA,306970185,896322102
2020-21,Uttar Pradesh,CFS ALBATROSS/ICD DADRI,291902040,849779899
2020-21,Uttar Pradesh,ICD NOIDA-DADRI,112519747,330752638
2020-21,UTTAR PRADESH,ICD Juhi Railway Yard Kanpur ICD,92695753,272941201
2020-21,Uttar Pradesh,"ICD PANKI, UP",92312894,282494676
2020-21,HARYANA,ICD Piyala Ballagarh ICD,59220692,184669087
2020-21,Haryana,"ICD PALWAL, BHAGOLA-JANAULI Haryana",30517970,89507811
2020-21,Tamil Nadu,CHENNAI SEA,18689972,43780822
2020-21,Haryana,ICD PATLI,9311200,28199539
2020-21,Andhra Pradesh,VISAKHAPATNAM SEA,16342750,44839533
2020-21,Delhi,DELHI AIRPORT,5209744,17496632
2020-21,HARYANA,ICD SONIPAT ICD,6878000,20210888
2020-21,Uttar Pradesh,ICD CGML DADRI,13497531,39656033
2020-21,West Bengal,DABGRAM ICD,0,0
2020-21,Tamil Nadu,KATTUPALLI PORT/ TIRUVALLUR SEA,23741460,53822898
2020-21,Uttar Pradesh,ICD CFS STARTRACK DADRI,678000,2049580
2020-21,West Bengal,JAIGAON ICD,1173488,3315238
2020-21,West Bengal,KOLKATA SEA,868000,3029688
2020-21,Uttar Pradesh,LUCKNOW AIR Uttar Pradesh,255688,962036
2020-21,Rajasthan,MAHINDRA CITY TEXTILES SEZ TN,1724000,4218965
2020-21,Andhra Pradesh,KRISHNAPATNAM SEA,114000,240960
2020-21,Bihar,RAXAUL ICD,100190,140593
2020-21,Telangana,ICD HYDERABAD,0,0
2020-21,Maharashtra,MUMBAI AIR,7811,59073
2020-21,Gujarat,MUNDRA SEA,0,0
2020-21,Uttar Pradesh,NAUTANWA (SONAULI) ICD,0,0
2020-21,Kerala,COCHIN SEA,0,0
2020-21,Tamil Nadu,CHENNAI AIR,514,4830
2020-21,Gujarat,ICD SABARMATI,500,1429
2020-21,Tamil Nadu,TUTICORIN SEA,0,0
2020-21,Telangana,HYDERABAD AIRPORT,800,1587
2020-21,Tamil Nadu,ICD TONDIAR-PET CHENNAI,0,0
2020-21,Kerala,TRIVANDRUM AIRPORT,0,0
2020-21,Maharashtra,ICD JANORI,0,0
2020-21,Maharashtra,ICD WALUJ,0,0
2020-21,Punjab,"ATTARIROAD,AMRITSAR ROAD/ RAILWAY",0,0
2020-21,Punjab,CFS DAPPER(DERABASSI),0,0
2020-21,Punjab,ICD CHOWPAYAL Punjab,0,0
2020-21,Gujarat,PIPAVAB(VICYOR) SEA,0,0
2020-21,Haryana,ICD FARIDABAD,859000,2608794
2020-21,Haryana,ICD GARHIHARSARU,0,0
2020-21,Bihar,BAIRGANIA Bihar,0,0
2020-21,Bihar,JOGBANI ROAD ICD,0,0
2020-21,Karnataka,NEWMANGALORE SEA,0,0
2020-21,Kerala,COCHIN AIRPORT,0,0
2020-21,Gujarat,"HAZIRA PORT, SURAT SEZ",0,0
2020-21,Uttar Pradesh,SONBARSA ROAD/ RAILWAY,0,0
2020-21,Uttarakhand,TANAKPUR (NAINATAL) ICD,0,0
2020-21,Uttar Pradesh,ICD TRIDENT DADRI,0,0
2020-21,Uttar Pradesh,ICD PAKWARA (MORADABAD),0,0
2020-21,UTTAR PRADESH,ICD Pakwara Moradabad/Meerut ICD,0,0
2020-21,UNSPECIFIED,UNSPECIFIED,0,0
2020-21,Uttar Pradesh,GOURIPHANTA ROAD/ RAILWAY,0,0
2020-21,Uttar Pradesh,ICD IBRAHIMPUR KHURJA Uttar Pradesh,0,0
2020-21,Uttar Pradesh,ICD KANPUR,0,0
2020-21,Uttar Pradesh,ICD LONI,28000,83758
2020-21,West Bengal,NEPALGANJ ROAD/ RAILWAY,0,0
2020-21,West Bengal,PETRAPOLE LAND ROAD/ RAILWAY,0,0
2021-22,Maharashtra,NHAVA SHEVA SEA,378673515,1074445400
2021-22,Uttar Pradesh,CFS ALBATROSS/ICD DADRI,319894118,876336429
2021-22,Uttar Pradesh,ICD NOIDA-DADRI,146417918,415910826
2021-22,UTTAR PRADESH,ICD Juhi Railway Yard Kanpur ICD,100976796,284797190
2021-22,Uttar Pradesh,"ICD PANKI, UP",70942665,203799303
2021-22,HARYANA,ICD Piyala Ballagarh ICD,49897158,145645091
2021-22,Haryana,"ICD PALWAL, BHAGOLA-JANAULI Haryana",30246663,84427508
2021-22,Tamil Nadu,CHENNAI SEA,21916625,51955449
2021-22,Haryana,ICD PATLI,12492286,37479432
2021-22,Andhra Pradesh,VISAKHAPATNAM SEA,10287008,27506249
2021-22,Delhi,DELHI AIRPORT,6492933,24694706
2021-22,HARYANA,ICD SONIPAT ICD,7511702,22342309
2021-22,Uttar Pradesh,ICD CGML DADRI,6091980,17258039
2021-22,West Bengal,DABGRAM ICD,2751136,8226112
2021-22,Tamil Nadu,KATTUPALLI PORT/ TIRUVALLUR SEA,3526165,8221814
2021-22,Uttar Pradesh,ICD CFS STARTRACK DADRI,2228275,5917337
2021-22,West Bengal,JAIGAON ICD,1711528,4913688
2021-22,West Bengal,KOLKATA SEA,1344144,4479745
2021-22,Uttar Pradesh,LUCKNOW AIR Uttar Pradesh,677207,2540881
2021-22,Rajasthan,MAHINDRA CITY TEXTILES SEZ TN,658430,1513545
2021-22,Andhra Pradesh,KRISHNAPATNAM SEA,140000,386885
2021-22,Bihar,RAXAUL ICD,212090,296472
2021-22,Telangana,ICD HYDERABAD,57000,113788
2021-22,Maharashtra,MUMBAI AIR,8612,67150
2021-22,Gujarat,MUNDRA SEA,17494,34376
2021-22,Uttar Pradesh,NAUTANWA (SONAULI) ICD,19000,27231
2021-22,Kerala,COCHIN SEA,360,2632
2021-22,Tamil Nadu,CHENNAI AIR,200,540
2021-22,Gujarat,ICD SABARMATI,11,65
2021-22,Tamil Nadu,TUTICORIN SEA,0,0
2021-22,Telangana,HYDERABAD AIRPORT,0,0
2021-22,Tamil Nadu,ICD TONDIAR-PET CHENNAI,0,0
2021-22,Kerala,TRIVANDRUM AIRPORT,0,0
2021-22,Maharashtra,ICD JANORI,0,0
2021-22,Maharashtra,ICD WALUJ,0,0
2021-22,Punjab,"ATTARIROAD,AMRITSAR ROAD/ RAILWAY",0,0
2021-22,Punjab,CFS DAPPER(DERABASSI),0,0
2021-22,Punjab,ICD CHOWPAYAL Punjab,0,0
2021-22,Gujarat,PIPAVAB(VICYOR) SEA,0,0
2021-22,Haryana,ICD FARIDABAD,0,0
2021-22,Haryana,ICD GARHIHARSARU,0,0
2021-22,Bihar,BAIRGANIA Bihar,0,0
2021-22,Bihar,JOGBANI ROAD ICD,0,0
2021-22,Karnataka,NEWMANGALORE SEA,0,0
2021-22,Kerala,COCHIN AIRPORT,0,0
2021-22,Gujarat,"HAZIRA PORT, SURAT SEZ",0,0
2021-22,Uttar Pradesh,SONBARSA ROAD/ RAILWAY,0,0
2021-22,Uttarakhand,TANAKPUR (NAINATAL) ICD,0,0
2021-22,Uttar Pradesh,ICD TRIDENT DADRI,0,0
2021-22,Uttar Pradesh,ICD PAKWARA (MORADABAD),0,0
2021-22,UTTAR PRADESH,ICD Pakwara Moradabad/Meerut ICD,0,0
2021-22,UNSPECIFIED,UNSPECIFIED,0,0
2021-22,Uttar Pradesh,GOURIPHANTA ROAD/ RAILWAY,0,0
2021-22,Uttar Pradesh,ICD IBRAHIMPUR KHURJA Uttar Pradesh,0,0
2021-22,Uttar Pradesh,ICD KANPUR,0,0
2021-22,Uttar Pradesh,ICD LONI,0,0
2021-22,West Bengal,NEPALGANJ ROAD/ RAILWAY,0,0
2021-22,West Bengal,PETRAPOLE LAND ROAD/ RAILWAY,0,0